1,1,6th Ward
2,1,7th Ward
3,1,8th Ward
4,1,9th Ward
5,1,10th Ward
6,1,11th Ward
7,1,12th Ward
8,1,13th Ward
9,1,14th Ward
10,1,15th Ward
11,1,16th Ward
12,1,17th Ward
13,1,18th Ward
14,1,19th Ward
15,1,20th Ward
16,1,21st Ward
17,1,22nd Ward
18,1,23rd Ward
19,1,24th Ward
20,1,25th Ward
21,1,26th Ward
22,2,1st Ward
23,2,2nd Ward
24,2,3d Ward
25,2,26th Ward
26,2,27th Ward
27,2,28th ward
28,2,29th Ward
29,2,30th Ward
30,2,31st Ward
31,2,32nd Ward
32,3,Gotluru 
33,3,Gollapalli
34,3,Malakapuram
35,3,Badannapalli
36,3,Nagalluru
37,3,Thummala
38,3,Mallenipalli
39,3,Subbaraopeta 
40,3,Ravulacheruvu
41,3,Thippepalli
42,3,Yerraguntapalli
43,3,Akuthotapalli
44,3,Dharmapuri
45,3,Chinnuru Bathalapalli
46,3,Nagireddykunta Kottala
47,3,Ravulacheruvu thanda
48,3,Ambativandla Kottala 
49,3,Yerraguntapalli thanda
50,3,Nelakota 
51,3,Nelakota Thanda
52,3,Billu Bommaiah gari palli
53,3,Buddareddipalli 
54,3,Elukuntla 
55,3,Thanakantivari palli
56,3,Chigicherla 
57,3,Chintalapalli
58,3,Vasanthapuram
59,3,Garudampalli
60,3,Uppanesanapalli
61,3,Darsimala 
62,3,Venkata Thimmapuram
63,3,Malagunlapalli
64,3,Nadimigaddapalli
65,3,Nadimigaddapalli Thanda
66,3,Balijamadugu Thanda
67,3,Mallakalva
68,3,Obulanayanipalli
69,3,Thumparthi
70,3,Kunuthur 
71,3,Pothukunta
72,3,Kattakindhapalli
73,3,Kamireddypalli
74,3,Rampuram
75,3,Regatipalli
76,3,Muchurami 
77,3,Seetharampalli
78,3,Pothulanagepalli 
79,3,C.C.KothaKota
80,3,Kanampalli
81,3,Nimmalakunta
82,3,Motamarla 
83,4,Eedula Mustoor
84,4,Sanjeevapuram
85,4,Yarrayapalli
86,4,Lingareddipalli
87,4,Malyavantham
88,4,Ananthasagaram
89,4,Cheemalanagepalli
90,4,Venkatagaripalli
91,4,Raghavampalli
92,4,Bathalapalli
93,4,Gantapuram
94,4,Potlamarri
95,4,Velpumadugu
96,4,Appracheruvu
97,4,Gummallakunta
98,4,Chennarayapatnam
99,4,Sangala
100,4,Varadapuram
101,4,Sangalathanda
102,4,Jwalapuram
103,4,Thammapuram
104,4,Obulapuram
105,4,Chennekuntapalli
106,4,Kodekandla
107,4,Ramapuram
108,4,Viswanathapuram
109,4,Gariselapalli
110,4,Jalalapuram
111,4,Nethivarampalli
112,4,Dampetla
113,4,Upparlapalli
114,4,Kattakindapalli
115,4,Suryachandrapuram
116,4,Ramanujampalli
117,4,D.Cherlopalli
118,4,Nallaboyanapalli
119,4,Katamkunta
120,4,Muddanapalli
121,4,Pathyapuram
122,5,Malakavemala
123,5,Enumulavaripalli
124,5,Nagareddypalli
125,5,Sanevaripalli
126,5,M.Kottala
127,5,N.S.P.Kottala
128,5,Thappetavaripalli
129,5,Diguvapalli
130,5,Payagattupalli
131,5,Paipedu
132,5,Peddannagaripalli
133,5,Sirigaripalli
134,5,Kondagattupalli
135,5,Maddannagaripalli
136,5,Chenchugaripalli
137,5,Oddukinda thanda
138,5,Devaragudipalli
139,5,Seelamvaripalli
140,5,Kotireddypalli
141,5,P.kottala
142,5,Mallepalli
143,5,Akuthotapalli
144,5,Guttakindapalli
145,5,Basireddypalli
146,5,T.N.Palyam
147,5,Irikireddypalli
148,5,Ramireddypalli
149,5,Yangannagaripalli
150,5,Mangalamadaka
151,5,Garugu thanda
152,5,Ramaswamy thanda
153,5,Podarallapalli
154,5,Pujari thanda
155,5,Chinnakotla
156,5,Mogilicherlo Palle
157,5,C.Yerragunta Palle
158,5,Budanamaplle
159,5,Harijanawada
160,5,Raghavampalle
161,5,Chitravaripalle
162,5,Rangapuram
163,5,Edula Palle
164,5,Gangireddipalle
165,5,Kodavandlapalle
166,5,Marthadu
167,5,Damanupalli
168,5,S.Bandlapalle
169,5,Gandlavaripalle
170,5,Brahdevaramarri
171,5,Kottala
172,5,Peddachigullarevu
173,5,Hussainpuram
174,5,Uppalapadu
175,5,Siddannagaripalle
176,5,Mukthapuram
177,5,Sugali Tanda
178,5,Nallayakunta Palle
179,5,Yekaralunta Palle
180,5,Nallacherlo Palle
181,5,Rall Ananthapuram Tanda
182,5,Jonnalakothapalle
183,5,Ralla Ananthapuram
184,5,Kothapalle Tanda 
185,5,Sankepalle
186,5,Vallemcherlo Palle
187,5,Kammavari Palle
188,5,Sankepalle Bramhanapalle
189,5,Besthabapana Palle
190,5,Harijanawada
191,5,Dorigallu
192,5,Nagalagubbala
193,5,B.C S Colony
194,5,Dommagaguisalu (U.I)
195,5,Sugali Tanda
196,5,Indukur
197,5,Nakkala Palle
198,5,Harijanawada
199,5,Bodenna Kottala
200,5,Adavi Brahmanna Palle
201,5,Adavi Brahmanapalle Thanda
202,5,Gunjepalle
203,5,Guddampalle Tahanda
204,5,Mudigubba
205,6,Tadimarri
206,6,Bangarampeta 
207,6,Modugulakunta
208,6,Maddulacheruvu
209,6,Medimakulapalli 
210,6,Sivampalli 
211,6,Pinnadari 
212,6,Bheemarayunipeta 
213,6,Pullanarayanapalli
214,6,Pullaobaiahpalli 
215,6,Ekapadampalli 
216,6,Nidigallu 
217,6,Narsimpalli 
218,6,Pullampalli 
219,6,M.Agraharam
220,6,Maruvapalli 
221,6,Atmakuru 
222,6,Patrapalli 
223,6,C.C Revu
224,6,Marrimekalapalli 
225,6,Peddakotla 
226,6,Guddampalli 
227,6,Chillakondaiah palli 
228,6,K.N palyam
229,6,Kunukuntla 
230,6,Ramapuram 
231,6,Chillavaripalli 
232,6,Dadithota 
233,6,Nayanapalli 
234,6,Turakavaripalli 
235,7,1st Ward
236,7,2nd Ward
237,7,3rd Ward
238,7,4th Ward
239,7,5th Ward
240,7,6th Ward
241,7,7th Ward
242,7,8th Ward
243,7,21st Ward
244,7,26th Ward
245,7,29th Ward
246,7,30th Ward
247,7,31st Ward
248,7,32nd Ward
249,7,33rd Ward
250,7,34th Ward
251,7,35th Ward
252,7,36th Ward
253,7,37th Ward
254,7,38th Ward
255,8,9th Ward
256,8,10th Ward
257,8,11th Ward
258,8,12th Ward
259,8,13th Ward
260,8,14th Ward
261,8,15th Ward
262,8,16th Ward
263,8,17th Ward
264,8,18th Ward
265,8,19th Ward
266,8,20th Ward
267,8,22nd Ward
268,8,23rd Ward
269,8,24th Ward
270,8,25th Ward
271,8,27th Ward
272,8,28th Ward
273,9,Pulakunta 
274,9,Maruvapalli
275,9,Kotipi
276,9,Kenchanapalli
277,9,Jumekalappli
278,9,Veerampalli
279,9,Basaveswara Colony
280,9,Gollapuram 
281,9,G.Guddampalli
282,9,Thumukumta
283,9,Thumukunta Checkpost
284,9,Devarapalli
285,9,Kirikera
286,9,Weavers Colonu
287,9,K.Basavanapalli
288,9,Mittamedapalli
289,9,Vinayaka Nagar
290,9,Siriculture Colony
291,9,ITI colony
292,9,Appalakunta
293,9,Bharath Nagar
294,9,Bevanahalli
295,9,Nakkalapalli
296,9,Udugulapalli
297,9,Sanjeevarayunipalli
298,9,Sathebidanuru
299,9,Thungepalli
300,9,Hanumepalli
301,9,Chowluru
302,9,C.Venakatapuram
303,9,Ramachandrapuram
304,9,Karudipalli
305,9,Chalivendula
306,9,Rachapalli
307,9,Meenakuntapalli 
308,9,Balampalli
309,9,Jangalapalli
310,9,C.Cherlopalli
311,9,M.Beerepalli
312,9,Chinna Guddampalli
313,9,Pedda Guddampalli
314,9,Kaggallu
315,9,K.Narasapuram
316,9,Subbireddypalli
317,9,Manesamudram
318,9,Maluguru
319,9,Nandamuri nagar
320,9,rangapuram
321,10,Kalluru  
322,10,Mallireddypalli 
323,10,Byrapuramu 
324,10,Nayanapalli 
325,10,Upparapalli  
326,10,Lakkepalli  
327,10,Konduru  
328,10,Thimmaganipalli 
329,10,Vaddipalli 
330,10,Lepakshi  
331,10,Somireddypalli 
332,10,Kurlapalli  
333,10,Galibipalli 
334,10,Bingipalli 
335,10,Gongatipalli 
336,10,Bisalamanepalli  
337,10,B-Venkatapuramu 
338,10,Obulapuramu 
339,10,Cholasamudramu  
340,10,Naganipalli 
341,10,Kodipalli  
342,10,Kottapalli 
343,10,Veebuthipalli 
344,10,Nagepalli 
345,10,Pulamathi  
346,10,P-Basavanapalli 
347,10,P-Sadlapalli 
348,10,Manempalli  
349,10,M-Venkatapuramu 
350,10,Gouriganipalli 
351,10,Sirivaram  
352,10,Gopindevarapalli 
353,10,Thirumaladevarapallli 
354,10,Kanchisamudramu  
355,10,Mamidimakulapalli 
356,10,Bayanapalli 
357,10,Basavanapalli 
358,10,Maddipi 
359,10,Mydugolam  
360,11,Chilamathur
361,11,Kapuchennampalli
362,11,Eguvathummalakunta
363,11,Pathasamalapalli
364,11,Kothasamalapalli
365,11,Adepalli Thanda 
366,11,Chinnannapalli
367,11,VaddiChennampalli
368,11,Chenepalli
369,11,Maruvakothapalli
370,11,Madhugiripalli
371,11,Appannapalli
372,11,Sanjeevarayunipalli
373,11,Lalepalli
374,11,Adepalli
375,11,TEKULODU
376,11,Arumakulapalli
377,11,Nallabommanapalli
378,11,Demakethepalli
379,11,Thamminayanapalli
380,11,Bramheswarampalli
381,11,D. Gollapalli
382,11,Gadralapalli
383,11,Korlakunta
384,11,Obulapuram
385,11,Yegnisettipalli
386,11,Y. Gollapalli
387,11,Veerapuram
388,11,Venkatapuram
389,11,Lakshmipuram
390,11,Dadireddypalli
391,11,Dadireddypalli Thanda 
392,11,Hussainpuram
393,11,Bhupasamudram
394,11,Koduru
395,11,Kambalapalli
396,11,Kanisettipalli
397,11,Nallarallapalli
398,11,Vaddipalli
399,11,DiguvaThummalakunta
400,11,Kotlopalli
401,11,Chinnapareddypalli
402,11,Madhirepalli
403,11,Muddappalli
404,11,Subbarao Peta
405,11,Morampalli
406,11,Diguvapalli thanda
407,11,Anjani thanda
408,11,Kodikonda
409,11,Balijapalli
410,11,Dalavaipalli
411,11,Somagatta
412,11,S. Kothapalli
413,11,Roddamvaripalli
414,11,Cheruvukindapalli
415,11,Cheruvumundarapalli
416,11,Kokkalapalli
417,11,Palagalapalli
418,11,Bandepalli
419,11,Bandlapalli
420,11,Subbappagaripalli
421,11,Rayalacheruvu
422,11,Kanugumakulapalli
423,11,Nesevandlapalli
424,11,Kallukunta
425,11,Chagaleru
426,11,Maruvapalli
427,11,Nanjireddipalli
428,11,Sanaganapalli
429,11,Peddireddipalli
430,11,Pothulappapalli
431,11,Mothukupalli
432,11,Morasalapalli
433,11,S. Muddireddypalli
434,11,Dornalapalli
435,11,Kandurparthy
436,11,Palepalli
437,11,Bhumaiahgaripalli
438,11,Madireddypalli
439,11,Morasalavandlapalli
440,11,Settipalli
441,11,Peddannapalli
442,11,Kammaigahgaripalli
443,11,Thimmareddypalli
444,11,Bidireddypalli
445,12,1st Ward
446,12,2nd Ward
447,12,36th Ward
448,12,3rd Ward
449,12,35th Ward
450,12,4th Ward
451,12,5th Ward
452,12,6th Ward
453,12,7th Ward
454,12,8th Ward
455,12,9th Ward
456,12,10th Ward
457,12,11th Ward
458,12,12th Ward
459,12,13th Ward
460,12,14th Ward
461,12,15th Ward
462,12,17th Ward
463,12,18th Ward
464,12,19th Ward
465,12,20th Ward
466,12,21st Ward
467,12,31st Ward
468,12,22nd Ward
469,12,16th Ward
470,12,24th Ward
471,12,23rd Ward
472,12,25th Ward
473,12,26th Ward
474,12,27th Ward
475,12,28th Ward
476,12,29th Ward
477,12,30th Ward
478,12,32nd Ward
479,12,33rd Ward
480,12,34th Ward
481,13,Kummaravandla Palli
482,13,Balappagari Palli
483,13,Balappagari Palli Quarters
484,13,Balappagari Palli Thanda
485,13,Mathanagari Palli                    
486,13,Kotha Ramapuram
487,13,Parthi Gadda
488,13,Musti Palli
489,13,Middivari Palli
490,13,Udumula Gutta Thanda ( Marava Thanda )
491,13,Gangannagari Palli
492,13,Mulapalli thanda
493,13,Sunnapu Gutta Thanda-                  
494,13,Buruga Palli
495,13,Abbavandla Palli
496,13,Arakachenu Palli
497,13,Eguvapalli @ Kanumulolla Palli 
498,13,Motukupalli
499,13,Kowle Palli
500,13,Kowle Palli Quarters                 
501,13,K.Bramhana Palli
502,13,Mallaiahgari Palli
503,13,Mallaiahgari Palli Thanda
504,13,Ayyannagari Kothapalli
505,13,Kareddi Palli
506,13,Kareddi Palli Thanda
507,13,Bandavandla Palli
508,13,Veera Chinnaiahgari Palli
509,13,Dinnemeeda Palli
510,13,Diguva Cherlo Palli
511,13,Kummarolla Palli                      
512,13,Parvathi puram                       
513,13,Eguvapalli
514,13,Bathala Palli
515,13,Bathala Palli Thanda
516,13,Mallemolla Palli
517,13,Bhagiratha Palli
518,13,Diguva Palli
519,13,Chinna DiguvaPalli
520,13,Nallagutta Thanda                     
521,13,Muthyala Cheruvu
522,13,Yakala Cheruvu Palli
523,13,Yakala Cheruvu Kotha Palli
524,13,"Garugu Thanda , Nallagutta Thanda"
525,13,Gollolla Cheruvu
526,13,Varigi Reddi Palli 
527,13,Varigi Reddi Palli thanda
528,13,Katla Thanda
529,13,Allipur Thanda                          
530,13,Kondamanayani Palyam
531,13,K.Kuntlapalli
532,13,Somesh Nagar
533,13,Hanumantharayani Palli  
534,13,Alampur         
535,13,Chalamakuntla Palli
536,13,Jowkala
537,13,Pandala Kunta                          
538,13,CHIGURUMANU THANDA
539,13,CHEVITI THANDA
540,13,Yerradoddi         
541,13,Yerikilavandlapalli
542,13,Meete Naik Thanda
543,13,Ramdas Naik Thanda
544,13,Bode Naik Thanda
545,13,Roddamvandla Palli
546,13,Nagurvandla Palli
547,13,Yerradoddi Kothapalli          
548,13,KALASAMUDRAM
549,13,Nadimi Palli
550,13,Aadireddy Palli
551,13,Chippalamadugu                    
552,13,PATNAM
553,13,Machireddy Pally
554,13,Rachuvaripalli Thanda 
555,13,Yetigadda Thanda
556,13,Verepalli Peta                             
557,14,Talupula 
558,14,Kummarapeta
559,14,Burujupalli
560,14,Madikavandlapalli
561,14,Yerrasanipalli
562,14,Kuruguttapalli
563,14,Thurakavandlapalli
564,14,T. Reddyvaripalli
565,14,Ubbaravandlapalli
566,14,Thupalli
567,14,Nangivandlapalli
568,14,Bandlapalli
569,14,Pallavandlapalli
570,14,Baigaripalli
571,14,Nagappagaripalli
572,14,Yeguva Harijana Wada
573,14,Diguva Harijana Wada
574,14,Yeguva Mala palli
575,14,Nuthanakaluva
576,14,Mula Thogatavandlapalli
577,14,Danduvaripalli
578,14,Chinthakayalavandlapalli
579,14,Niggidi
580,14,Chinnapullappagaripalli
581,14,Polathavandlaplli
582,14,Devarapalli
583,14,Veeramallaiah gari palli
584,14,Nayanavaripalli
585,14,Thurakapalli
586,14,Kasilopalli
587,14,Madigapalli
588,14,kalivemulapalli @ Kothameddi
589,14,Obulareddypalli
590,14,Garikapalli
591,14,Malapalli
592,14,Madigapalli
593,14,Pennabadivandlapalli
594,14,OBR Kothapalli
595,14,OBR Thanda
596,14,Gudala Gondi
597,14,Puligundlapalli
598,14,Rajanalapalli
599,14,Yenumuladoddivaripalli
600,14,Agraharampalli
601,14,Jyothivandlapalli
602,14,Jyothivandlapalli Thanda
603,14,Madiga Palli
604,14,Peddannavaripalli
605,14,Kethireddyvaripalli
606,14,Chinnannavaripalli
607,14,Chinnannavaripalli harijanawada
608,14,Kayalapalli
609,14,Galivandlapalli
610,14,Devla Naik Thanda
611,14,S. Vaddipalli
612,14,Sangativaripalli
613,14,Yerrappagaripalli (Vemalagondi)
614,14,M. Vaddipalli
615,14,Myrada
616,14,Gunduvaripalli
617,14,Mamillavaripalli 
618,14,Poolavandlapalli
619,14,Yerri Palli
620,14,Edulakuntla Palli
621,14,Mangivandlapalli
622,14,Madugu Thanda
623,14,Cheruvumaruva Palli
624,14,Kovvurivandlapalli
625,14,Rachepalli 
626,14,Chandra Naik Thanda
627,14,Bhupathi Vandlapalli
628,14,Vepamanipeta
629,14,Singanapalli
630,14,Chadalavandla palli
631,14,Usayyagaripalli
632,14,Kothapulavandla palli
633,14,Ganjivaripalli
634,14,Gurramgundla Palli
635,14,Boya Palli
636,14,Peddapalli
637,14,Kurli
638,14,verappagaripalli
639,14,K. ReddyVaripalli
640,14,Sidduguripalli
641,14,Amudalavaripalli 
642,14,Batrepalli
643,14,Moolapalli
644,14,Mamillavaripalli
645,14,Mamillavaripalli Harijanawada
646,14,Odulalpalli
647,14,Sabbanagunta Palli
648,14,S. Reddyvaripalli
649,14,Rachuvaripalli   
650,14,Udumulakurthi
651,14,Indukuri Palli
652,14,Somalavandla Palli
653,14,Velagala Bailu
654,14,Akkasani Palli
655,14,Chinna Palli
656,14,B. Kothapalli
657,14,Bandameeda Palli 
658,14,Gollapalli Thanda
659,14,Vepulapalli
660,14,Dampalli
661,14,Lakkasamudram 
662,14,Gajjalappagaripalli 
663,14,Reddymollapalli
664,14,Balireddypalli
665,14,Gondhipalli
666,14,Gollapalli 
667,15,Tanakal 
668,15,RS colony
669,15,Parakuvandallapalli
670,15,Koturu
671,15,Diguvabatthanapalli 
672,15,Eguvabattinavaripalli
673,15,Rachuvaripalli 
674,15,Chinnarappagaripalli 
675,15,Gunjuvaripalli 
676,15,Gunjuvaripalli Harijanavada
677,15,Reddyvaripalli 
678,15,Lakshminaik Thanda
679,15,Mandlipalli 
680,15,Mandlipalli Harijanavada
681,15,Bommalakunta
682,15,Usthunepalli
683,15,Peddakadapalavandalpalli
684,15,Bandrivaripalli
685,15,Gollavaripalli
686,15,Gollavaripalli Harijanavada
687,15,Charupallivandalapalli
688,15,Chinnakadapalavandalapalli
689,15,Deganipalli
690,15,Vankapalli 
691,15,Ganadivaripalli 
692,15,Duginepalli 
693,15,Kanasarivaripalli 
694,15,Buddinaik thanda 
695,15,Gopinagar 
696,15,N.V. puram
697,15,Madigapalli 
698,15,Vankapalli Harijanavada
699,15,SLN factory
700,15,C.R.Palli 
701,15,Gopireddyvaripalli 
702,15,Thurakavandalpalli 
703,15,Thothlivandlapalli 
704,15,Madigapalli
705,15,Kottuvandalpalli 
706,15,Ethodu
707,15,Ethodu Harijanavada
708,15,Sanivaripalli 
709,15,Uppuvandalpalli 
710,15,Chinnacheruvupalli 
711,15,Bullurivandlapalli 
712,15,Rakakuntapalli 
713,15,Duguvathotlapalli 
714,15,Mabbuvaripalli 
715,15,Mallollapalli 
716,15,Nallaguttapalli 
717,15,Yerraballivandalpalli 
718,15,Balasamudram
719,15,Konddanagaripalli 
720,15,Madigapalli 
721,15,Mareppagaripalli 
722,15,Govinduvaripalli 
723,15,Nallagutlapalli 
724,15,T. Sadum
725,15,Katepalli 
726,15,Bisinivaripalli 
727,15,Bangaruvandlapalli
728,15,Thammisettyvaripalli
729,15,Nandiganipalli
730,15,Beripalli
731,15,Sunnamvandlapalli
732,15,Yerracheruvuvaripalli
733,15,Esukavaripalli
734,15,Yarragunduvaripalli
735,15,Agraharampalli
736,15,Balappagaripalli
737,15,Tavalam
738,15,Gandhodivaripalli
739,15,Singirivandlapalli
740,15,Nallamvandlapalli
741,15,Gangasanivaripalli
742,15,Narevandlapalli
743,15,Rachuvaripalli
744,15,Chapirivandlapalli
745,15,Muthyalavandlapalli
746,15,Bandivaripalli
747,15,Raginepalli
748,15,Maruvarivandlapalli
749,15,Kurumavandlapalli
750,15,Gamenaik Thanda
751,15,Pomenaik Thanda
752,15,Motuchinthamanu Thanda
753,15,Buddaiah kota
754,15,Kamatampalli
755,15,Addanampalli
756,15,Ratnenaik Thanda
757,15,Nayanicheruvu palli
758,15,Thulasenaik Thanda
759,15,Vepulapalli
760,15,Gaddalabanda Thanda
761,15,Mogalichetla Thanda
762,15,Ramlanaik Thanda
763,15,Ungarala Indlu
764,15,Eguvathotlipalli
765,15,Baddalvandlapalli
766,15,Jamlanaik Thanda
767,15,Mundlavaripalli
768,15,C.G. Project
769,15,Pendligundu Thanda
770,15,Danduvaripalli
771,15,Parasakuntapalli
772,15,Pendligundu Thanda
773,15,Buthinenaik Thanda
774,15,Beemlanaik Thanda
775,15,Cheekatimanipalli
776,15,CheekatimanipalliHarijanawada
777,15,Reddammavaripalli
778,15,Badavandlapalli
779,15,Kurubatatannagaripalli
780,15,Indukuruvandlapalli
781,15,Peddayeddulavandlapalli
782,15,Padmativaripalli
783,15,Sunkubalaram factory
784,15,Bonthalapalli
785,15,Madigapalli
786,15,Palemvandlapalli
787,15,Pokanativaripalli
788,15,Chadrayunipalli
789,15,Vaddipalli
790,15,Yarraballi
791,15,Yarraballi Thanda
792,15,Pulakuntapalli
793,15,Chinnayaddulapalli
794,15,Mallireddypalli
795,15,Kottakuruvapalli
796,15,Subbaratuniapalli
797,15,Gangammakotta Illu
798,15,Nadimikuntlapalli
799,15,Gurram Bailu
800,15,Peddapalli
801,15,Odduvaruvapalli
802,15,Nakarala Thanda
803,15,Ratnagiri
804,15,Kotapalli
805,15,Nadimi Thanda
806,15,Guttameedha Thanda
807,15,Yenugundu Thanda
808,15,Ramappakuntapalli
809,15,Chinnapalli
810,15,Mabbuvaripalli
811,15,Maralapalli
812,15,Devalam Thanda
813,15,Kokkanti
814,15,Madigapalli
815,15,Gollapalli
816,15,Geethalavaripalli
817,15,Diguvachekkavaripalli
818,15,Yeguvachekkavaripalli
819,15,Korthikota
820,15,Minchalavarikota
821,15,Thirumalayyagaripalli
822,15,Kondavenukapalli
823,15,Thummalavaripalli
824,15,Kottapalli
825,15,Chevitivaripalli
826,15,Mangadineepalli
827,15,Thodendlagaddapalli
828,15,Rachinepalli
829,15,Chinnapalli
830,15,Chinnapalli Harijanawada
831,15,Bandakadapalli
832,15,Pamudrthivaripalli
833,15,Katnepalli Harijanawada
834,16,Nallacheruvu
835,16,Gajekhanpalli
836,16,Ragannagaripalli
837,16,Devirentipalli
838,16,Kuntlapallivaripalli
839,16,Payalavandlapalli
840,16,Pulumuvaripalli
841,16,Kammavaripalli
842,16,Yanamalavaripalli
843,16,Patravandlapalli
844,16,Oravai
845,16,Maarisettipalli
846,16,Cheruvuvandlapalli
847,16,Kummaravandlapalli
848,16,Gurrikanipalli@
849,16,Boyapalli
850,16,Mandalavandlapalli @
851,16,Mallireddipalli
852,16,Meddepalli
853,16,Sanevaripalli
854,16,Pallevandlapalli
855,16,Bodinepalli
856,16,Yerraguntapalli
857,16,Peddayellampalli
858,16,Vanamvaripalli
859,16,Terannagaripalli
860,16,Ramanappagaripalli
861,16,Upparalapalli
862,16,Devireddipalli
863,16,Sanjeevapalli
864,16,Chinnapallolapalli
865,16,Gurrojanalapalli
866,16,Kallipalli
867,16,Kothapalli
868,16,Papavaripalli
869,16,Nallagutlapalli
870,16,Bandaralapalli
871,16,Gollapalli
872,16,K.Poolakunta
873,16,Damavandlapalli
874,16,Ubicherla
875,16,Gorantlvaripalli
876,16,Gorlavaripalli
877,16,Nadimipalli
878,16,Subbarayunipalli
879,16,Nallajodanlapalli
880,16,Jogannapeta
881,16,Bommireddipalli
882,16,Chinnayellampalli
883,16,Allugundu
884,16,Sivaramapalli
885,16,Katarindlu
886,16,Ratnlapalli
887,16,Chevitivaripalli
888,16,Tirumaladevarapalli
889,16,Maddimadugu
890,16,Neelavandlapalli
891,16,Tavalammrri
892,16,Bandrepalli
893,16,Kadapalavaripalli
894,16,Diguvapalli
895,16,Panthulacheruvu
896,16,Indukuruvandlapalli
897,16,Tellaguttlapalli
898,16,Thupalli
899,16,P.Kothapalli
900,16,Polevandlapalli
901,16,Poolakuntapalli
902,16,Rajamollapalli
903,16,Malakavaripalli
904,16,YeguvaBalepallithand
905,16,DiguvaBalepallithand
906,16,Rajamollapallithanda
907,17,Maddivarigondi
908,17,Dasaivandlapalli
909,17,Kotapalli
910,17,Kamathampalli
911,17,Somayajulapalli
912,17,Munagalavaripalli
913,17,Enumulavaripalli
914,17,Vepalakunta
915,17,Kattivaripalli
916,17,Boligutlapalli
917,17,Yerrachenupalli
918,17,Gandlapenta
919,17,Yelugutivarpalli
920,17,Vaddireddypalli
921,17,"Kotlapalli, "
922,17,Nayanivaripalli
923,17,Pothulavandlapalli
924,17,Veparala
925,17,Boyapalli
926,17,CM Thanda
927,17,Thallakaluva
928,17,Chinnakkagaripalli
929,17,Gajulavaripalli Pedda Thanda 
930,17,Kallubavi Thanda
931,17,Nallgutta Thanda
932,17,Jeenulakunta
933,17,Valasavandlapalli
934,17,Godduvelagala
935,17,Jeedimekalapalli
936,17,Palavandlapalli
937,17,Sorapuvandlapalli
938,17,Narasappagaripalli
939,17,Vankalopalli
940,17,Neerukuntlapalli
941,17,Gundevaripalli
942,17,Yerragodulapalli
943,17,Pallevandlapalli
944,17,Nagamunipalli
945,17,Veerannagattupalli
946,17,Gedarla
947,17,Thummalabailu
948,17,Pothunepalli
949,17,Sadulavandlapalli
950,17,Poolavandlapalli
951,17,Thummalabailu Pedda Thanda
952,17,Garugu Thanda
953,17,Katarupalli
954,17,"Dasarindlu, "
955,17,Balijapalli
956,17,Malapalli
957,17,Jurkuvarpalli
958,17,Nallasanivaripalli
959,17,Muddannagaripalli
960,17,Katarupalli cross
961,17,Gajjalavandlapalli
962,17,Settyvaripalli
963,17,Thoopalli
964,17,Katakamvaripalli
965,17,Vankapalli
966,17,Basannagaripalli
967,17,Poreddyvaripalli
968,17,Munagalavaripalli
969,17,Thathi Reddygaripalli
970,17,Chamalagondi
971,17,Reddyvaripalli
972,17,Bandameedapalli
973,17,Bayareddipalli
974,17,Singanivaripalli
975,17,Gajulavaripalli
976,17,Malameedapalli
977,17,Aramadakavaripalli
978,17,Reddyvaripalli
979,17,Kummaravandlapalli
980,17,Karanamvaripalli
981,17,Upparavandlapalli
982,17,Devulacheruvupalli
983,17,Koturu
984,17,Banancheruvupalli
985,17,Patravandlapalli 
986,17,Samachenubailu
987,17,Nallasanivaripalli
988,17,Kurumamidi
989,17,Kothapalli
990,17,Guttakindapalli
991,17,Rekkamanu
992,17,Kayalavandlapalli
993,17,PacharumekalaThanda
994,17,Pothulavandlapalli
995,17,Gollapalli
996,17,Payakattu
997,17,Devaracheruvupalli
998,18,Balijapalli
999,18,Kammalavandla Buruju
1000,18,Malakavandlapalli
1001,18,Kottamiddi
1002,18,Govinduvaripalli
1003,18,Seelamvaripalli
1004,18,Balappagaripalli
1005,18,Madigapalli
1006,18,Saragundlapalli
1007,18,Mala Indulu
1008,18,Thimammamarrimanu
1009,18,Gootibailu
1010,18,Varikollavaripalli
1011,18,Harijanawada
1012,18,G. Vaddipalli
1013,18,Edurudona
1014,18,Vaddipalli
1015,18,Mukkamavaripalli
1016,18,Moolapalli
1017,18,Siddavandla palli
1018,18,Gundlavandlapalli
1019,18,Kothapalli
1020,18,Madhigapalli
1021,18,Pallenayanivaripalli
1022,18,Yedalavandlapalli
1023,18,Kreesthupalli
1024,18,Malakavaripalli
1025,18,Dasarivandlapalli
1026,18,Marrikmmadinne
1027,18,Ragimanipalli
1028,18,Nallagutlapalli
1029,18,Madhigapalli
1030,18,Erravankalavandlapalli
1031,18,Ganginayanipalli
1032,18,Madhigapalli
1033,18,Eddulavaripalli
1034,18,Eddulavandlapalli Harijanawada
1035,18,Jowkala
1036,18,Nereducheruvu
1037,18,Vaddipalli
1038,18,Velichelamala
1039,18,Madigapalli 
1040,18,Jogivaripalli
1041,18,Eguvapalli
1042,18,Gopalapuram
1043,18,Ramapuram thanda 
1044,18,Sunnapukunta Thanda
1045,18,Kothakunta Thanda
1046,18,Yadalollapalli
1047,18,West Nadimpalli
1048,18,Devarapalli
1049,18,Varavandlapalli
1050,18,Nnaravandlapali 
1051,18,Kondlavaripalli
1052,18,Vemareddigaripalli
1053,18,Beemaboyanapalli
1054,18,Thatimanuguntha 
1055,18,Thatimanuguntha Harijanavada
1056,18,Sriramapuram
1057,18,Vaddipalli
1058,18,Eguavabathinigaripalli
1059,18,Vankamaddi
1060,18,Poreddivaripalli
1061,18,Peddaramipalli
1062,18,Girikanivari palli
1063,18,Puligundlavandlapalli
1064,18,Pedaballi
1065,18,Kotha Harijanawada
1066,18,Yellampalli
1067,18,Nagamvaripalli
1068,18,Gollapalli
1069,18,Nallaguttapalli Thanda
1070,18,P. Kothapalli
1071,18,Dandevaripalli
1072,18,Diguvathopalli
1073,18,Eguvathoopalli
1074,18,Eguvathoopalli Harijanawada
1075,18,Mallemvaripalli
1076,18,Aluguntivaripalli
1077,18,Rachepalli
1078,18,Bathinigaripalli
1079,18,Papannagaripalli
1080,18,Kadiri Nayanapalli
1081,18,Mudupulajeevi
1082,18,Katakamvaripalli
1083,18,Gurikanivaripalli
1084,18,Mekalacheruvu
1085,18,Malapalli
1086,18,Madhigapalli
1087,18,Gowducheruvu vandlapalli
1088,18,Peddakantivaripalli
1089,18,Pedakantivaripalli Thanda
1090,18,Ulinjalavandlapalli
1091,18,Aravavandlapalli
1092,18,Gangeddulavandlapalli
1093,18,Gangeddulavandlapalli thanda
1094,18,Gowkanapalli
1095,18,Gowkanapalli Harijanawada
1096,18,kammaguttapalli
1097,18,Dhinnemeedipalli
1098,18,Dhaniyanicheruvu
1099,18,Eguvapalli
1100,18,Kummaravndlapalli
1101,18,Malapalli
1102,18,Kottamvaripalli
1103,18,Govindarajulapalli
1104,18,Mundlavaripalli
1105,18,D. Harijanawada
1106,18,D. Kothapalli
1107,18,D. Gollapalli
1108,18,Kuntlavaripalli
1109,18,Kotireddivaripalli
1110,18,Somarajukunta
1111,18,N.P. Kunta
1112,18,Malapalli
1113,18,Madhigapalli
1114,18,Nayanivaripalli
1115,18,Diguvapalli
1116,18,Mondemvaripalli
1117,18,Eltivaripalli
1118,18,Pallenayanivaripalli
1119,18,Kuppamavaripalli
1120,18,Vaddipalli (Krishnapuram)
1121,18,Malapallli Colony
1122,18,Cheemalacheruvu Palli
1123,18,N.Reddivaripalli
1124,18,Chinnasnivaripalli
1125,18,Chellapallivaripalli
1126,18,Bandaruchetlapalli
1127,18,Madhigapalli
1128,18,Gelisevaripalli
1129,18,TN Palli
1130,18,Madiapalli
1131,18,Asmamvaripalli
1132,18,Kovuruvandlapalli
1133,18,Challapallivandlapalli
1134,18,Chayappagaripalli
1135,18,Machupullannagaripalli
1136,18,Orusuvandlapalli
1137,18,Ranganapalli
1138,18,Budhenapalli
1139,18,Ragoollapalli
1140,18,Kothapalli
1141,19,AMIDALAGONDI
1142,19,H.R.PALEM
1143,19,DIGUVA RAMAGIRI
1144,19,YEGUVA RAMAGIRI
1145,19,A.R.ROPPAM
1146,19,TIRUMALA DEVARA PALLI
1147,19,BULLASAMUDRAM
1148,19,KANTEEPURAM
1149,19,DEVANNAPALYAM
1150,19,ACHUTHAPURAM
1151,19,B.RAYAPURAM
1152,19,C.KODIGEPALLE
1153,19,KETHEPALLI
1154,19,NALLAYANAPALLI
1155,19,CHANDRAKACHERLA
1156,19,SUGALIHATTI
1157,19,DIGUVA ACHAMPALLI
1158,19,E.ACHAMPALLI
1159,19,BHEEMARYUNIPALLI
1160,19,MARUVAPALLI
1161,19,E.ECHALODDI
1162,19,C.RANGAPURAM
1163,19,D.ECHALADDI
1164,19,GOVINDAPURAM
1165,19,SANKAMPALYAM
1166,19,DINNAMEEDAPALYAM
1167,19,D.GOLLAHATTI
1168,19,GUDDILIPALLI
1169,19,E.GOLLAHATTI
1170,19,RANGANATHAPURAM
1171,19,GANGALAVAI PALYAM
1172,19,KOLIMI PALYAM
1173,19,MUDDARADDY PALYAM
1174,19,BACHALIAH PALYAM
1175,19,BANDRE PALLI
1176,19,NEELAKANTA PURAM
1177,19,DASAPPA PALYAM
1178,19,GOWDANAHALLI
1179,19,THURAKAVANDLAPALLI
1180,19,JAMMANPALLI
1181,19,HARESAMUDRAM
1182,19,ONTIPALYAM
1183,19,KYAMPURAM
1184,19,BHAKTHARAHALLI
1185,19,DODDEPALLE
1186,19,GOLLAPALLI
1187,19,KONDAMPALLI
1188,19,JADRAHALLI
1189,19,KALLUMARRI
1190,19,AGRAMPALLI
1191,19,THADAKALAPALLI
1192,19,GANTHALAPALLI
1193,19,YELLOTI
1194,19,KARESANKANAHALLI
1195,19,KOTHALAM
1196,19,MANUR
1197,19,UPPIDIPALLI
1198,19,M.RANGAPURAM
1199,19,CHAPARLAPALLI
1200,19,SUNKIREDDYPALLY
1201,19,YARAGODIPALLITHANDA
1202,19,GUNDUMALA
1203,19,KADIREPALLI
1204,19,MELAVOI
1205,19,SINGEPALLI
1206,19,JAKKEPALLI
1207,19,GUDDAMPALLI
1208,19,SIDDAGIRI
1209,19,PAPASANIPALLI
1210,19,P.GUNDUMALA
1211,19,KOTHULAGUTTA
1212,19,K.SUGALITHANDA
1213,19,D.GOLLAHATTI
1214,19,E.GOLLAHATTI
1215,19,KAMBALAPALLI
1216,19,KODIGANIPALLI
1217,19,GUNDUMALATHANDA
1218,19,UGREPALLI
1219,19,GURRAPUKONDA
1220,19,KETHAIAH PALEM
1221,19,R.ANANTAPURAM
1222,19,REKULAKUNTA
1223,19,PEDDAPALLI
1224,19,THIRUMALADEVERA HALLI(UI)
1225,19,UPPARLAHALLI
1226,19,YERRABOMMANAHALLI
1227,19,ZILLEDUGUNTTA
1228,19,KONAPPAPALEM
1229,19,KODIPALLI
1230,19,BUDDAIAHPALYAM
1231,19,PATHIKUNTA
1232,19,Madadakasira(Nagar Panchayat)
1233,20,Rolla
1234,20,Rolla Gollahatti
1235,20,Hanumanthanapalli
1236,20,Rolla Vadrahatti
1237,20,Avinakunta
1238,20,Avinakunta Thanda
1239,20,Rolla Konda
1240,20,Manipuram
1241,20,Hottebetta
1242,20,Kodagarigutta
1243,20,Kalluroppam
1244,20,Kalluroppam Gollahatti
1245,20,Kothapalyam
1246,20,Kothapalyam Thanda
1247,20,Hulikunta
1248,20,Vannaranahalli
1249,20,Dommarahatti
1250,20,Giddabommana Halli
1251,20,K.Gollahatti
1252,20,Nasepalli
1253,20,Nasepalli Gollahatti
1254,20,Rathnagiri
1255,20,Rathnagiri Gollahatti
1256,20,Bajaiahpalyam
1257,20,Rangapuram
1258,20,Alupanapalli
1259,20,Ujjinipuram
1260,20,Kurubara Hatti
1261,20,Gudduguriki
1262,20,Vannappa Palyam
1263,20,Gottugurki
1264,20,Gottugurki Gollahatti
1265,20,Kethappa Palyam
1266,20,Dasappa Palyam
1267,20,Girenayaka Palyam
1268,20,B.G.Halli
1269,20,Agraharam
1270,20,Ganthakallu Gollahatti
1271,20,Thirumaladevara Palli
1272,20,Mallasamudram
1273,20,Mallinamadugu
1274,20,Kalvepalli 
1275,20,Kalvepalli
1276,20,Jeerigepalli
1277,20,Hottethimmana Halli
1278,20,H.T.Halli Vadrahatti
1279,20,Hanu Gollahatti
1280,20,M.Rayapuram
1281,20,M.R.Gollahatti
1282,20,Somagatta
1283,20,Bandrepalli
1284,20,Chigamathi Gatta
1285,20,C.M.Gatta Gollahatti
1286,20,Cherlopalli
1287,20,Hunsekunta
1288,20,Kaki
1289,20,Kaki Gollahatti
1290,20,K.Byadigera
1291,20,K.Vadrahatti
1292,20,Lakkappanahalli
1293,20,L.K.Palli Vadrahatti
1294,20,Appepalli
1295,20,Dodderi
1296,20,Pilligundlu
1297,20,Pilligundlu Gollahatti
1298,20,Ranganapalli
1299,20,Venkatampalli
1300,20,Kothapalli
1301,20,Kothapalli
1302,20,Thubinakunta
1303,20,Thubinakunta Gollahatti
1304,21,Agali
1305,21,Ramapuram
1306,21,Mudda Mallaiah Palyam
1307,21,Irigepalli
1308,21,Nandarajanpalli
1309,21,Irrigepalli Gollahatti
1310,21,Kodipalli
1311,21,Mukadampalli
1312,21,Dasegowdanahalli
1313,21,Jangamaranapalli
1314,21,Poolapalli
1315,21,Narasambudi
1316,21,G.G.Palli
1317,21,Kasapuram
1318,21,Madhudi
1319,21,Madhudi Gollahatti
1320,21,Ragelinganapalli
1321,21,Bommarasanapalli
1322,21,Hanumanapalli
1323,21,Aludi (Ravudi)
1324,21,Kambadapalli
1325,21,Karidasanapalli
1326,21,Kadirepalli
1327,21,Inagalore
1328,21,I. Thonasanapalli
1329,21,Dokkalapalli
1330,21,Beeranapalli
1331,21,Hallikera
1332,21,Laxmipuram
1333,21,Rampuram Gollahatti
1334,21,Ammajikshethram
1335,21,Muthepalli
1336,21,A.K.D.Halli
1337,21,H.D.Halli 
1338,21,H.D.Halli Thanda
1339,21,Gayatri colony
1340,21,Vadrahatti
1341,21,P.Byadigera 
1342,21,UpparaThonasanapalli
1343,21,Vadaguntanapalli
1344,21,Kenkera (Panchayathi)
1345,21,Komarapalli
1346,21,Kadirepalli Gollahatti
1347,21,Ramanepalli
1348,21,Kurusanganapalli
1349,22,Konkallu
1350,22,Meekalagatta
1351,22,S.S.Gundulu
1352,22,Pujaripalli
1353,22,Devarahatti
1354,22,Phalaram
1355,22,P.Gollahatti
1356,22,H.R.Hatti
1357,22,Guddahalli
1358,22,G.S.Thanda
1359,22,S.Rayapuram
1360,22,Jambulabanda
1361,22,Kekathi
1362,22,Bhemaiya Palyam
1363,22,Javanvadaku
1364,22,Ramayanahatti
1365,22,K.D.Palyam
1366,22,Budipalli
1367,22,Budipalli S.Hatti
1368,22,Ralapalli
1369,22,Mynaganipalli
1370,22,N.R.Roppam
1371,22,Kalluroppam 
1372,22,Sankaragallu
1373,22,Kenchayapalyam
1374,22,Madigubba 
1375,22,Mandalapalli
1376,22,Dinnehatti
1377,22,Sugali Thanda 
1378,22,C.C.Giri
1379,22,P.C.Giri
1380,22,Bairepalli 
1381,22,Muthuuru
1382,22,K.K.Palyam
1383,22,Itikepalli
1384,22,M.S.Thanda
1385,22,Maddanakunta
1386,22,Kurbarpalli
1387,22,Vaddrahatti
1388,22,P.N.Palyam
1389,22,K.N.Palli
1390,22,Karikera
1391,22,Hirethurpi
1392,22,Dasaripalli
1393,22,Gollahatti
1394,22,Chigithurpi
1395,22,G.Mornagul
1396,22,Upparapalli
1397,22,Achirapalyam
1398,22,Balepalli
1399,22,Picharihatti
1400,22,Morbagul
1401,22,Veerajanahalli
1402,22,Nachepalli
1403,22,Thalikera
1404,22,Thimalapuram
1405,22,B.T.Palli
1406,22,Gollapalli 
1407,22,Ballekatta
1408,22,Gudibanda
1409,22,Singepalli
1410,22,Mopurugundu
1411,22,K.G.N.Palyam
1412,23,Amarapuram
1413,23,Bangarupalyam
1414,23,Veerapuram
1415,23,Maddanakunta
1416,23,Pullikunta
1417,23,Thammadepalli
1418,23,Gowdanakunta
1419,23,Devaganapalli
1420,23,Nagonapalli
1421,23,Valasa
1422,23,Naduludum
1423,23,Virupasamudram
1424,23,V.Agraharam
1425,23,Nidragatta
1426,23,Yarraguntapalli
1427,23,N.Golla hattio
1428,23,Hemavathi
1429,23,Gollamaranahalli
1430,23,Korrevu
1431,23,Hosahatti
1432,23,Tambalahatti
1433,23,Gunehalli
1434,23,Vadragatti
1435,23,Kempakkanahatti
1436,23,Kenkera
1437,23,Basavanapalli
1438,23,Hanumantunipalli
1439,23,Bullepalli
1440,23,Aronapalli
1441,23,Upparlapalli
1442,23,Kadatadahatti
1443,23,Karidasana palli
1444,23,Aladapalli
1445,23,kanakanapalli
1446,23,K.Sivaram
1447,23,Sunkalahatti
1448,23,P.Sivaram
1449,23,K.Gollahatti
1450,23,Karikalahatti
1451,23,S.Rangapuram
1452,23,Pelubanda
1453,23,Veerabommanapalli
1454,23,Halakuru
1455,23,Uduguru
1456,23,Kachikunta
1457,23,Gollahatti
1458,23,Chitnaduku
1459,24,Settipalli
1460,24,Bojireddypalli
1461,24,Rampuram
1462,24,Kondampalli 
1463,24,Maruvapalli
1464,24,Hanumepalli
1465,24,Cherlopalli 
1466,24,Satharupalli
1467,24,Suddabatlapalli
1468,24,Mavaturu
1469,24,Adadakulapalli
1470,24,Nagaluru
1471,24,Bandlapalli
1472,24,Gonipeta
1473,24,Gonipeta Thanda
1474,24,Parameshwarapuram
1475,24,Venkatapuram thanda
1476,24,1st Ward
1477,24,2nd Ward
1478,24,3rd Ward
1479,24,4th Ward
1480,24,5th Ward
1481,24,6th Ward
1482,24,7th Ward
1483,24,8th Ward
1484,24,9th Ward
1485,24,10th Ward
1486,24,11th Ward
1487,24,12th Ward
1488,24,13th Ward
1489,24,14th Ward
1490,24,15th Ward
1491,24,16th Ward
1492,24,17th Ward
1493,24,18th Ward
1494,24,19th Ward
1495,24,20th Ward
1496,25,Roddam
1497,25,Peddaguvvalapalli
1498,25,Chinnaguvvalapalli
1499,25,R. Maravapalli
1500,25,R. Kottala
1501,25,Kurlapali
1502,25,Kandukurlapalli
1503,25,Chinnakodipalli
1504,25,Patharlapalli
1505,25,Peddakodipalli
1506,25,Roddakampalli
1507,25,M.Kothapalli
1508,25,Gowrajupalli
1509,25,Thadankipalli
1510,25,Mopurlapalli
1511,25,Naranagepalli
1512,25,Kanumara
1513,25,Nagireddypalli
1514,25,Jakkalacheruvu
1515,25,Rachuru
1516,25,Bucharla
1517,25,Ragimekalapalli
1518,25,Lochrla
1519,25,Kanchisamudram
1520,25,R.Kothur
1521,25,Reddypalli
1522,25,Dodagatta
1523,25,Y.T.Reddypalli
1524,25,Rangapuram
1525,25,"D.R.Kottala, "
1526,25,Cherukur
1527,25,Upprlapalli
1528,25,Lakkasanipalli
1529,25,Kalipi
1530,25,Budipalli
1531,25,K.Maruvapalli
1532,25,Sheshapuram
1533,25,Peddamanthur
1534,25,P.Kothapalli
1535,25,P.Roppala
1536,25,L.Thimmapuram
1537,25,Chinnamanthur
1538,25,Dandepalli
1539,25,Nallur
1540,25,Kallukunta
1541,25,Cholemarri
1542,25,Pathagobrampalli
1543,25,Kothagobrampalli
1544,25,Bommireddypalli
1545,25,Sanipalli
1546,25,Peddipalli
1547,25,Thurakalapatnam
1548,25,Kogira
1549,25,Kambalapalli
1550,25,Beedanipalli
1551,25,Shapuram
1552,25,Boxampalli
1553,25,LGB Nagar
1554,26,Somandepalli
1555,26,Chakarlapalli
1556,26,Papireddypalli
1557,26,Nallagondrayunipall
1558,26,Brahmasamudramu
1559,26,Anandapuramu @ Mekalapalli
1560,26,Brahamnanapali
1561,26,Hussainpuramu
1562,26,Chalakuru
1563,26,Guddamnagepalli
1564,26,Maravakuntapalli
1565,26,Challapalli
1566,26,Kadirepalli
1567,26,Obuladevarapalli
1568,26,Eedulabalapuramu
1569,26,Renukanagar
1570,26,Gudipalli
1571,26,Velagamekalapalli
1572,26,Velagamekalapalli Thanda
1573,26,Julukunta
1574,26,Kethaganicheruvu
1575,26,Suddukuntapalli
1576,26,Mage cheruvu
1577,26,Rangepali
1578,26,Chennapuramu
1579,26,Kothapalli
1580,26,Mandli
1581,26,Muddapukunta
1582,26,Kollukunta
1583,26,Rukalapalli
1584,26,Nadimpalli
1585,26,Polepalli
1586,26,Peddababaiahpalli
1587,26,Naginayanicheruvu
1588,26,Naginayancheruvu thanda 
1589,26,Busaiahgaripalli
1590,26,Pandiparthi
1591,26,Manchepalli
1592,26,Tungodu
1593,26,Konathattupalli
1594,26,Kukutimanupalli
1595,26,Chinnababaiahpalli
1596,26,Kavetinagepalli
1597,26,Kolipali
1598,26,Velidadakal
1599,26,Pathikuntapalli
1600,26,Peddireddypalli
1601,27,Gutturu 
1602,27,"Munimadugu,"
1603,27, Ammavaripallli
1604,27,Chinapareddypalli
1605,27,Moturvaripalli
1606,27,Duddebanda
1607,27,Gollapalli
1608,27,Chandragiri
1609,27,Gondipalli
1610,27,Venkatagiripalyam
1611,27,Makkajipalli Thanda 
1612,27,"Kurubavandlapalli,"
1613,27,Haripuramu
1614,28,Parigi
1615,28,Boreddipalli
1616,28, Chinnapalli   
1617,28,Mudidlapalli
1618,28,Utukuru
1619,28,Akkampalli
1620,28,Dasarapalli
1621,28,U Basanapalli
1622,28,Beechiganipalli
1623,28,Vagalapalli
1624,28,Gollapalli
1625,28,patraganipalli
1626,28,Moda
1627,28,Konapuram
1628,28,cherlopalli
1629,28,puttagurlapalli
1630,28,Gorripalli
1631,28,Anandapalyam
1632,28,Bandarlapalli
1633,28,Kodigepalli
1634,28,Kaluvapalli
1635,28,Subbarayunipalli
1636,28,Peddireddipalli
1637,28,Sreerangarjupalli
1638,28,Papireddypalli 
1639,28,Mullamothukupalli
1640,28,Sirekolam
1641,28,Kothanarasapuram
1642,28,Jangalapalli
1643,28,Dhanapuram
1644,28,Honnampalli
1645,28,Beerepalli
1646,28,P.Narasapuram
1647,28,N.kothapalli
1648,28,N.Muddireddipalli
1649,28,Pydti
1650,28,Vittapalli
1651,28,Yarragunta
1652,28,Thirumaladevarapalli
1653,28,Nathulapalli
1654,28,Seegupalli
1655,28,Ganapathipalli
1656,28,Sasnakota
1657,28,Balireddypalli
1658,29,Gorantla
1659,29,Thipparajupalli
1660,29,Siragamvandlapalli
1661,29,Gummaiahgaripalli
1662,29,Singireddipalli
1663,29,Kasireddipalli
1664,29,Budili
1665,29,Papireddipalli
1666,29,Kaganipalli
1667,29,Gangadevipalli
1668,29,Ramannagaripalli
1669,29,Chinnarappalli
1670,29,B.Gollapalli
1671,29,Budili thanda
1672,29,Narsimpalli village 
1673,29,Budidagaddapalli
1674,29,Balannagaripalli
1675,29,Chinthalapalli
1676,29,Yarraballi
1677,29,Palasamudram village 
1678,29,Samulapalli
1679,29,Ragimakulapalli
1680,29,Bellalacheruvu
1681,29,Pappanapalli thanda
1682,29,Kothuru
1683,29,Mission thanda
1684,29,Katepalli
1685,29,Bandamida thanda
1686,29,Mandalapalli village 
1687,29,Mallapalli village
1688,29,Mereddipalli
1689,29,Karavulapalli quaters
1690,29,Karavulapalli
1691,29,Jawkaladinne
1692,29,Khajapuram
1693,29,Mallapalli village 
1694,29,Buganipalli
1695,29,Buganipalli thana
1696,29,Kallageri
1697,29,Motrapalli
1698,29,M.Kothapalli
1699,29,Kallageri thanda
1700,29,Kammavari palli village 
1701,29,Yarraiahgaripalli
1702,29,Chunduruvandlapalli
1703,29,Yemukalaguttapalli
1704,29,Puleru village 
1705,29,Kothabayannapalli
1706,29,Jeenamvandlapalli
1707,29,Mareddipalli
1708,29,Venkataramanapalli village 
1709,29,Perumallapalli
1710,29,Nallannapalli
1711,29,Settichinnaiahpalli
1712,29,Kondapuram village 
1713,29,Chinthamanupalli
1714,29,Ragimakulapalli
1715,29,Chalamaiahgaripalli
1716,29,Maravapalli
1717,29,Muddulakuntapalli
1718,29,Mallela
1719,29,Rampuram
1720,29,Kangareddipalli
1721,29,Gajulavandlapalli
1722,29,Reddicheruvu katta
1723,29,Malasamudram village 
1724,29,Jakkasamudram
1725,29,Pulachetlapalli
1726,29,Korevandlapalli
1727,29,Budilivandlapalli
1728,29,Gownivari palli village 
1729,29,Kammalavandlapalli
1730,29,Seenappalli
1731,29,Chetlamorampalli
1732,29,Bhagavanthampalli
1733,29,E Gangampalli village 
1734,29,Dasireddipalli thanda
1735,29,Gopidevarapalli
1736,29,Kondreddipalli
1737,29,D.Gangampalli
1738,29,D.Gangampalli thanda
1739,29,Vaddipalli village 
1740,29,Pullagurlapalli
1741,29,V.Gollapalli
1742,29,Buddapalli
1743,29,Boyalapalli
1744,29,B.N. thanda
1745,29,Bathalapalli
1746,29,Devulacheruvu
1747,29,Reddychervu palli village 
1748,29,Vaddipalli
1749,29,Thamminayanipalli
1750,29,Kalekuntpalli
1751,29,Guthivaripalli
1752,29,Karavulapalli Thanda
1753,29,Puttagundlapalli village 
1754,29,Buchepalli
1755,29,Gunthapalli
1756,29,Khajapuram
1757,29,B.Kothapalli
1758,29,Puttagundlapalli
1759,29,Gaddamthanda
1760,29,Gaddamthanda
1761,29,Kalli Thanda
1762,29,Kommula Thanda
1763,29,Kothapalli Thanda
1764,29,Vanavou village 
1765,29,Bachanapalli
1766,29,Gun tipalli
1767,29,Guntipalli thanda
1768,29,Kolimipalli
1769,29,Petlakuntapalli
1770,29,Thatimakulapalli
1771,29,Ugrarampalli
1772,29,Mutharayani thanda
1773,29,Rangapuram
1774,29,Vanavaoulthanda
1775,29,Guntipalli Thanda
1776,29,Mutharayhunithana
1777,30,Amadaguru
1778,30,Peramvandlapalli
1779,30,A. Kothapalli
1780,30,Dinnemidhapalli
1781,30,Upparapalli
1782,30,A.Putlavandlapalli  
1783,30,Gunduvaripalli
1784,30,Gajulapalli
1785,30,Solukuntla
1786,30,Mammidamakulapalli
1787,30,kolimirallapalli
1788,30,Nadimipalli
1789,30,Cheekirevulapalli
1790,30,Balakavaripalli
1791,30,Gangireddypalli
1792,30,Seethireddypalli
1793,30,A.Reddivaripalli
1794,30,Nallagutlapalli
1795,30,Chinaganipalli
1796,30,Bavajiganikothapalli
1797,30,Maruthipuram
1798,30,Chinapanipalli
1799,30,Cheruvumundurupalli
1800,30,Kammavaripalli
1801,30,Narasannagaripalli
1802,30,Sadulavandlapalli
1803,30,Edigavaripalli
1804,30,Gandlaaripalli
1805,30,Mattavaripalli
1806,30,Akulavaripalli
1807,30,Ramanathapuram
1808,30,Thummala
1809,30,Kothapeta
1810,30,Malakavaripalli Eguvu thanda
1811,30,Malakavaripalli Diguvu thanda
1812,30,Venkatanarayanapalli
1813,30,T.Putlavandlapalli
1814,30,Saddalavandlapalli
1815,30,Kancharavandlapalli
1816,30,Malakaaripalli
1817,30,Kottuvaripalli
1818,30,Diguvaguvvalapalli
1819,30,Eguvaguvvalapalli
1820,30,Sanevaripalli
1821,30,Erragunduvaripalli
1822,30,Balappagaripalli
1823,30,Jowkula
1824,30,Pulakuntapalli
1825,30,Bachhalavandlapalli
1826,30,Dudurguttapalli
1827,30,Lokojipalli
1828,30,Maddemagudipalli
1829,30,Bodigundlapalli
1830,30,Gopalnaik thanda
1831,30,Yetigadda thanda
1832,30,Kummarapeta
1833,30,Erravanka thanda
1834,30,Karimireddipalli
1835,30,Talamarlavandlapalli
1836,30,Dadimivaripalli
1837,30,Mahammadabad
1838,30,Kokkantivaripalli
1839,30,Gollapalli
1840,30,Patravandlapalli
1841,30,Sangeethampalli
1842,30,Thimmirikuntapalli
1843,30,Bavicheruvupalli
1844,30,Niluvurathipalli
1845,30,Vaddipalli
1846,30,Jowkulakothapalli
1847,30,Iddevandlapalli
1848,30,Kandukuripalli
1849,30,Puttagosulapalli
1850,30,Tanakantivaripalli
1851,30,S.Kuruvapalli
1852,30,Kassamudram
1853,30,Cherlopalli
1854,30,Thollpalli Kothuru
1855,30,Kanchanagaripalli
1856,31,O.D.Cheruvu
1857,31, Akuthotapalli- 
1858,31, Babasabpalli
1859,31, Marevandlapalli 
1860,31,Vemareddypalli-
1861,31,Settivaripalli
1862,31, Venkatapuram
1863,31,Nallagutla palli
1864,31, Donnikotavaripalli
1865,31,Veeraobanapalli
1866,31, Bandameeapalli
1867,31, Lingalapalli
1868,31,Paliminenipalli
1869,31, Boganapalli -
1870,31,Mallemondlapalli
1871,31, Narappagaripalli
1872,31,Kondakamarla
1873,31, Maruthi Thanda 
1874,31,Gangireddypalli 
1875,31, Obireddypalli 
1876,31,Seshaiagaipalli
1877,31, Sreeramulakothapalli
1878,31, Polevandlapalli
1879,31,Bodigundlavaripalli
1880,31,Cheruvuvandlpalli 
1881,31, Eddulavaripalli 
1882,31,Nawabukota
1883,31, Kondathimmaiahgaripalli
1884,31,Gajjibanda Thanda-
1885,31,Nayanakota 
1886,31, Veerappagaripalli 
1887,31,15. Nayanakota Thanda
1888,31,1. SeshaiahgaripalliThanda
1889,31,2. Murikineellavanka Thanda
1890,31,Thippepalli
1891,31,1. Thppepalli Thanda 
1892,31,2. Thippepalli Harijanawada 
1893,31,3. Untlavaripalli 
1894,31,4.Jarikuntapalli 
1895,31,Allapalli
1896,31,1. Uggireddypalli
1897,31,2. KOkkantivaripalli 
1898,31,3. KOnapallivandlapalli 
1899,31,4. Gounipalli 
1900,31,5. Gourapuram
1901,31,6. Sallavandlapalli
1902,31,7. Chowdampalli 
1903,31,8. DAdiureddypalli 
1904,31,9. Balappagaripalli
1905,31,10. Boyapalli 
1906,31,11. Boyapallikottala
1907,31,Chinthamanupalli
1908,31,Bommireddy cheruvu 
1909,31,Gurrappagaripalli -
1910,31,Kammavaripalli
1911,31,Katamareddypalli 
1912,31,Achamiapalli 
1913,31,Nayanavaripalli
1914,31,Mallelavandlaplli 
1915,31,Mallemallelavandlapalli
1916,31,Mamillakuntlapalli
1917,31, Thotlavaripalli 
1918,31, M.Kothapalli 
1919,31,Vaddivaripalli 
1920,31,Sunnampalli
1921,31,Chowdepalli 
1922,31, Malakavaripalli
1923,31,. Nandollapalli 
1924,31, Mohammadabadcross
1925,31,Pedda Gutlapalli 
1926,31, Vanchireddypalli 
1927,31, Ramaiahpeta - 
1928,31,Daburuvaripalli
1929,31, Bathinipalli 
1930,31, Diguvapalli 
1931,31, Jambulavandlapalli 
1932,31, Kusumavaripalli  
1933,31,Naasambotlupalli 
1934,31,Ianagaluru
1935,31,Gajukuntapalli
1936,31, Bodeddulavandlapalli 
1937,31, Settivaripalli 
1938,31, Thuvankapalli 
1939,31,Ramireddypalli
1940,31, Gollapalli 
1941,31,.Badevandlapalli
1942,31,T.Kuntlapalli
1943,31,Kuntlapalli Harijanawada 
1944,31,T.KUntlapalli Sugalathanda 
1945,31,Eguvacherlopalli 
1946,31, Papannagaripalli 
1947,31, Basappagaripalli 
1948,31,Thatimekalapalli
1949,31,Thanakothapalli 
1950,31,Tangedukunta
1951,31, Appasanipalli 
1952,31,Balijapalli 
1953,31,M.Yerraballi
1954,31, Gollollapalli
1955,31,Lingalapalli
1956,31,Maddakavaripalli 
1957,31, Nallacheruvupalli 
1958,31, Buchirajupalli 
1959,31,Arakabavipalli
1960,31,Mittapalli
1961,31,Mallapalli
1962,31,Venkatareddypalli 
1963,31,Vanukuvaripalli
1964,32,Nallamada
1965,32,Yeddulavandlapalli
1966,32,Kutalapalli Tanda
1967,32,Chillagurlapalli
1968,32,C. Kothapalli
1969,32,Cheruvandlapalli
1970,32,Somaguttapall
1971,32,Peddakotlapalli
1972,32,Kutalapalli
1973,32,Kutalapalli Tanda
1974,32,Kondravaripalli
1975,32,N.Badavandlapalli
1976,32,Basamvaripalli
1977,32,Aravandlapalli Tanda
1978,32,Appaiahgaripalli
1979,32,Pemanakuntapalli
1980,32,Pemanakuntapalli Tanda
1981,32,KURUMALA
1982,32,Gangapuram
1983,32,Chotikuntapalli
1984,32,MASAKAVANKA PALLI
1985,32,Mulapagaripalli
1986,32,Pulagam palli 
1987,32,Bogitivaripalli
1988,32,Kayalavandlapalli
1989,32,Yerra Cheruvupalli
1990,32,Venkata Reddy Palli
1991,32,DONNIKOTA
1992,32,D. Cherlopalli
1993,32,D. Ramapuram
1994,32,Subbarayunapalli
1995,32,Gudumekalapalli
1996,32,Boggulapalli
1997,32,GOPEPALLI
1998,32,Raganipalli
1999,32,VANKARAKUNTA
2000,32,Basireddy palli
2001,32,Sanevaripalli
2002,32,REDDY PALLI
2003,32,Bapanakunta
2004,32,Seekivaripalli
2005,32,Neralavanka Tanda
2006,32,Reddykunta Tanda
2007,32,Thippaiahgari Palli
2008,32,Balija Palli
2009,32,R Ramapuram
2010,32,PATHABATHALA PALLI
2011,32,Tholetivari palli
2012,32,Pullagurla Palli
2013,32,Adi Andhra Palli
2014,32,Kothabathalapalli
2015,32,Chendrayunapalli
2016,32,N Yenumulavari Palli
2017,32,Kammavari Palli
2018,32,Nallasingaiahgari Palli
2019,32,YERRAVANKAPALLI
2020,32,Mesalavandlapalli
2021,32,VELLAMADDI
2022,32,Kothapalli Tanda
2023,32,Putakappu Kotala
2024,32,Kondakinda Tanda
2025,32,CHARUPALLI
2026,32,Reddyvari Palli
2027,32,C Badavandlapalli
2028,32,Harijanavade
2029,32,Polamvandlapalli
2030,32,Polamvandlapalli
2031,33,Kothacheruvu 
2032,33,Gorantlapalli
2033,33,Nagi Reddy Palli
2034,33,"K.Locherla,"
2035,33,Gunti Palli
2036,33,Mamillakunta cross
2037,33,Bhairapuram 
2038,33,Gownikunta Palli
2039,33,Obuladevara palli 
2040,33,Bandla Palli
2041,33,Narayanapuram
2042,33,Appalolla Palli
2043,33,Honnurppalli
2044,33,Chennaraju Palli
2045,33,"Yarra palli, "
2046,33,Kammavari Palli
2047,33,Pothulakunta
2048,33,Marakunta Palli
2049,33,Virupapuram
2050,33,Mallempalli
2051,33,Talamarla
2052,33,Indlavenkatam palli
2053,33,Narayana Reddy Palli
2054,33,Dantlapalli
2055,33,Iragam Palli
2056,33,Thippabatla Palli
2057,33,Vangampalli
2058,33,"Meerjapuram, "
2059,33,Kothadevara Palli
2060,33,Pathadevara Palli
2061,33,Gongativari Palli
2062,33,Bangaruchenne Palli
2063,33,Kodapagani Palli
2064,33,Vemuleti Palli
2065,33,Kesapuram
2066,33,K.Venkata Puram
2067,33,Kadiridevara Palli
2068,33,Mylasamudram
2069,33,Narepalli
2070,33,Bandameeda Palli
2071,33,Chinnaboina Palli
2072,33,Kadirepalli 
2073,33,"Tirumaladevara Palli,   "
2074,33,"Kanisetty Palli,"
2075,33,Mylepalli
2076,33,Linga Reddy Palli
2077,34,Bukkapatnam
2078,34,Buchaiahgaripalli
2079,34,Janakampalli
2080,34,Putikireddypalli
2081,34,Nallaguttapalli
2082,34,Kadapanagepali
2083,34,Siddarampuramu
2084,34,Kottalapalli
2085,34,Chandrayunipalli
2086,34,Tharuguvandlapali
2087,34,Kasab Thanda
2088,34,Lingappagaripalli
2089,34,Dhupampalli
2090,34,Gunipalli
2091,34,Raasimpalli Thanda
2092,34,Rasimpalli
2093,34,Narsimpalli Thanda
2094,34,Narsimpalli
2095,34,Pamudurthy
2096,34,Venkatapuramu
2097,34,Gasikavaripalli
2098,34,Kondapuramu
2099,34,Chinthalaiahgaripalli
2100,34,Kinkirivandlapalli
2101,34,Chukkulurupalli
2102,34,Agraharam
2103,34,Chilakalagaddapali
2104,34,Nayanavaripalli
2105,34,Kothakota
2106,34,Bitraguntapalli
2107,34,Yerlampalli
2108,34,Madirebayalu
2109,34,Madirebayalu thanda
2110,34,Reddyvaripali Thanda
2111,34,Krishnapuramu
2112,34,Gopalpuramu
2113,34,Marala
2114,34,Balenaiak Thanda
2115,34,Chinna cheruvu Thanda
2116,34,Dudekula Kottala
2117,34,Yadalankapalli
2118,34,Seekayakuntapalli
2119,34,Ramasagaram
2120,35,Kappalabanda
2121,35,Mamillakunta
2122,35,"Badenaik Thanda,"
2123,35,Gone Naik Thanda
2124,35,Vengalammacheruvu
2125,35,Veerajennapalli
2126,35,Cherlopalli
2127,35,Kambalaparthy
2128,35,Amagondapalyam
2129,35,Rage palli
2130,35,Bontalapalli
2131,35,Diguvacheriopalli
2132,35,Gangireddypalli
2133,35,Satarlapalli
2134,35,Jagarajpalli
2135,35,Venkatagaripalli
2136,35,Kotlapalli
2137,35,Rachuvaripalli
2138,35,Marlapalli
2139,35,Iragarajpalli
2140,35,Paipalli
2141,35,Nidimamidi
2142,35,Sooragniapalli
2143,35,Kattivaripalli
2144,35,Danduvaripalli
2145,35,Buggapalli
2146,35,Kottanidimamidi
2147,35,Gajulapalli
2148,35,Kotturu Harijanawada
2149,35,Pedaballi
2150,35,Pedaballi Pedda Thanda
2151,35,Pedablli Chinna Thanda
2152,35,Guvvalaguttapalli
2153,35,Subbarayunipalli
2154,35,Battalapalli
2155,35,Konapuram
2156,35,Karnatakanagepalli (9th Ward)
2157,35,Kovelaguttapalli (10th Ward)
2158,35,Rayalavaripalli (10th Ward)
2159,36,1st Ward
2160,36,2nd Ward
2161,36,3rd Ward
2162,36,4th Ward
2163,36,5th Ward
2164,36,6th Ward
2165,36,7th Ward
2166,36,8th Ward
2167,36,10th Ward
2168,36,9th Ward
2169,36,11th Ward
2170,36,12th Ward
2171,36,13th Ward
2172,36,14th Ward
2173,36,15th Ward
2174,36,16th Ward
2175,36,17th Ward
2176,36,18th Ward
2177,36,19th Ward
2178,36,20th Ward
2179,37,CK Palli 
2180,37,Yerrampalli
2181,37,"Dhamajipalli,"
2182,37,"Chinnampalli,  "
2183,37,  N.S.Gate
2184,37,Nagasamudram  
2185,37,"Errajinnagaripalli, "
2186,37,Pallennagaripalli
2187,37,Basinepalli            
2188,37,"Upparavandlapalli,"
2189,37,Penukondavaripalli. 
2190,37,Pyadindi
2191,37,"Chandamuru, "
2192,37,Namala
2193,37,Gollavandlapalli. 
2194,37,Medapuram 
2195,37,Peddamogalayapalli
2196,37,Chinnamogalayapalli
2197,37,BasamPalli
2198,37,Narasingarayunipalli.
2199,37,Kanumukkala 
2200,37,Chinnapareddypalli 
2201,37,Veldurthi
2202,37,Ganginepalli                     
2203,37,Yerronipalli
2204,37,Bramhanapalli
2205,37,GanginepalliThanda
2206,37,Obulampalli
2207,37,Prasannayapeta
2208,37,Amudalakunta
2209,37, Nagisettypalli 
2210,37,Venkatampalli                      
2211,37,Ontikonda
2212,37,Kotampalli
2213,37,Puletipalli                      
2214,37,Pylaboyalapalli
2215,37,Nyamaddala                        
2216,37,Chinnappeta 
2217,37,Hariyanacheruvu
2218,37,Mustikovela              
2219,37,Subbarayunipalli 
2220,37,Burujuguttapalli
2221,37,Guvvalagondipalli 
2222,38,Perur
2223,38,P.kothapalli
2224,38,Edugarralapalli
2225,38,Dubbarlapalli
2226,38,P.R.Kottala
2227,38,Damsite
2228,38,Makkinavaripalli
2229,38,Kondapuram
2230,38,Reddivaripalli
2231,38,Chinna Kondapuram
2232,38,Motorchinthala palli
2233,38,Thimmapuram
2234,38,Mangapuram
2235,38,Garimekala palli
2236,38,Madapuram
2237,38,P.R.Kottala
2238,38,K.G.Kunta
2239,38,Venkatapuram
2240,38,Kothagiri
2241,38,Nasanakota
2242,38,Mutyalamma Palli
2243,38,Gangampalli
2244,38,Akuthotla
2245,38,Gangampalli Thanda
2246,38,Ramagiri
2247,38,Kanugula Kunta
2248,38,Kanchi Kunta
2249,38,R.Kotha Palli
2250,38,Ganthimarri
2251,38,Kalikivandla Palli
2252,38,Penubolu
2253,38,Kuntimaddi
2254,38,Suddukunta Palli
2255,38,Krishnagiri
2256,38,Srihari Puram
2257,38,Sajjampalli
2258,38,SB Halli
2259,38,Polepalli
2260,38,Papireddy Palli
2261,38,Cherlo Palli
2262,38,Akkampalli
2263,39, Daduluru
2264,39,Chandra cherla 
2265,39,Kurlapalli 
2266,39,Kurlapalli thanda 
2267,39,Baddalapuram 
2268,39,Yelakuntla
2269,39,Nemalivaram 
2270,39,Narasampalli 
2271,39,Somaravandlapalli
2272,39,Gudivandlapalli 
2273,39,Kanaganapalli 
2274,39,Rampuram 
2275,39,Konapuram
2276,39,Bhalepalyam 
2277,39,Konetinayunipalyam
2278,39,Sivapuram 
2279,39,Sivapuram kottala
2280,39,Maddelacheruvu 
2281,39,Maddelacheruvu thanda
2282,39,Mamillapalli 
2283,39,Konreddybavi
2284,39,Mukthapuram
2285,39,parvathadevarapalli 
2286,39,Muthuvakuntla
2287,39,Thallimadugula
2288,39,Mutthuvakuntla thanda 
2289,39,Boyavandla kottala 
2290,39,Pathapalyam 
2291,39,Pathapalyam kotthuru
2292,39,Thagarakunta 
2293,39,Pullaiahkunta thanda 
2294,39,Kattakindathanda 
2295,39,Kondapalli 
2296,39,Thumcherla 
2297,39,C.N.Kota 
2298,39,Gunthapalli 
2299,39,Bhanukota 
2300,39,Vepakunta 
2301,39,Varadhipuram 